{"cameraMode":{"drawMode":0,"name":"Shaded","section":"Shading Mode"},"sceneLighting":true,"audioPlay":false,"sceneViewState":{"m_AlwaysRefresh":false,"showFog":true,"showSkybox":true,"showFlares":true,"showImageEffects":true,"showParticleSystems":true,"showVisualEffectGraphs":true,"m_FxEnabled":true},"in2DMode":false,"pivot":{"x":-18.71802520751953,"y":0.26950010657310488,"z":-2.4375903606414797},"rotation":{"x":-0.08565550297498703,"y":0.6844566464424133,"z":-0.0814877301454544,"w":-0.7194241285324097},"size":11.928686141967774,"orthographic":true}